{"loss_stage": [0.010897817268572038, 0.011767992915628713, 0.007113157741112229, 0.007846586871363217, 0.00882355796070225, 0.00885608877493363], "loss_iter": [49.995902185210113, 49.995902185210113, 49.995902185210113, 49.995902185210113, 49.995902185210113, 49.995902185210113], "iteration": [200, 200, 200, 200, 200, 200], "stage": [1, 2, 3, 4, 5, 6], "mpepj": [13.922450998253776, 13.922450998253776, 13.922450998253776, 13.922450998253776, 13.922450998253776, 13.922450998253776]}