{"loss_stage": [0.010897817268572038, 0.011767992915628713, 0.007113157741112229, 0.007629070806041346, 0.008415786263274418, 0.008548304211288705, 0.010897817268572038, 0.011767992915628713, 0.007113157741112229, 0.007503411469168651, 0.00821967975306824, 0.008362304131732484, 0.010897817268572038, 0.011767992915628713, 0.007113157741112229, 0.007415435468946151, 0.008100051695487293, 0.008223516394309459], "loss_iter": [49.15240480214937, 49.15240480214937, 49.15240480214937, 49.15240480214937, 49.15240480214937, 49.15240480214937, 48.693384404471246, 48.693384404471246, 48.693384404471246, 48.693384404471246, 48.693384404471246, 48.693384404471246, 48.380246221586518, 48.380246221586518, 48.380246221586518, 48.380246221586518, 48.380246221586518, 48.380246221586518], "iteration": [1000, 1000, 1000, 1000, 1000, 1000, 2000, 2000, 2000, 2000, 2000, 2000, 3000, 3000, 3000, 3000, 3000, 3000], "stage": [1, 2, 3, 4, 5, 6, 1, 2, 3, 4, 5, 6, 1, 2, 3, 4, 5, 6], "mpepj": [13.785224691638001, 13.785224691638001, 13.785224691638001, 13.785224691638001, 13.785224691638001, 13.785224691638001, 13.716835879408912, 13.716835879408912, 13.716835879408912, 13.716835879408912, 13.716835879408912, 13.716835879408912, 13.6501922509817, 13.6501922509817, 13.6501922509817, 13.6501922509817, 13.6501922509817, 13.6501922509817]}