{"loss_stage": [0.010897817268572038, 0.011767992915628713, 0.007113157741112229, 0.0077390113178907784, 0.008603683199101422, 0.008708055274303838], "loss_iter": [49.566064815814556, 49.566064815814556, 49.566064815814556, 49.566064815814556, 49.566064815814556, 49.566064815814556], "iteration": [500, 500, 500, 500, 500, 500], "stage": [1, 2, 3, 4, 5, 6], "mpepj": [13.854215684266089, 13.854215684266089, 13.854215684266089, 13.854215684266089, 13.854215684266089, 13.854215684266089]}