{"loss_stage": [0.01089026790310595, 0.012312449843529168, 0.010647387862712476, 0.011141254467492262, 0.013493872548742174, 0.013652293785623716], "loss_iter": [65.212323875729993, 65.212323875729993, 65.212323875729993, 65.212323875729993, 65.212323875729993, 65.212323875729993], "iteration": [100, 100, 100, 100, 100, 100], "stage": [1, 2, 3, 4, 5, 6], "mpepj": [19.468704380874463, 19.468704380874463, 19.468704380874463, 19.468704380874463, 19.468704380874463, 19.468704380874463]}