{"loss_stage": [0.01088818153754097, 0.012313350890942588, 0.010628856617673254, 0.011149196706597099, 0.013517609499601969, 0.0136377064372323], "loss_iter": [65.209951127387711, 65.209951127387711, 65.209951127387711, 65.209951127387711, 65.209951127387711, 65.209951127387711], "iteration": [20, 20, 20, 20, 20, 20], "stage": [1, 2, 3, 4, 5, 6], "mpepj": [19.367759499843725, 19.367759499843725, 19.367759499843725, 19.367759499843725, 19.367759499843725, 19.367759499843725]}